<?xml version="1.0" encoding="UTF-8" ?>
<!DOCTYPE configuration
PUBLIC "-//mybatis.org//DTD Config 3.0//EN"
"http://mybatis.org/dtd/mybatis-3-config.dtd">

<configuration>   
     <!-- Mybatics全局配置 -->

   <typeAliases>
     <!-- 批量扫描 -->
     <package name="com.qyh.entity"/>
   </typeAliases>
   
   <!-- 配置分页插件 -->
   <!-- <plugins>
     <plugin interceptor="com.github.pagehelper.PageHelper">
       <property name="dialect" value="sqlserver"/>
     </plugin>
   </plugins> -->
</configuration>