<beans xmlns="http://www.springframework.org/schema/beans"
	xmlns:xsi="http://www.w3.org/2001/XMLSchema-instance" xmlns:mvc="http://www.springframework.org/schema/mvc"
	xmlns:context="http://www.springframework.org/schema/context"
	xmlns:aop="http://www.springframework.org/schema/aop" xmlns:tx="http://www.springframework.org/schema/tx"
	xsi:schemaLocation="http://www.springframework.org/schema/beans 
		http://www.springframework.org/schema/beans/spring-beans-3.2.xsd 
		http://www.springframework.org/schema/mvc 
		http://www.springframework.org/schema/mvc/spring-mvc-3.2.xsd 
		http://www.springframework.org/schema/context 
		http://www.springframework.org/schema/context/spring-context-3.2.xsd 
		http://www.springframework.org/schema/aop 
		http://www.springframework.org/schema/aop/spring-aop-3.2.xsd 
		http://www.springframework.org/schema/tx 
		http://www.springframework.org/schema/tx/spring-tx-3.2.xsd ">
		
		<!-- 加载配置文件 -->
		<context:property-placeholder location="classpath:db.properties"/>
		<context:component-scan base-package="com.qyh.daoImpl" />
        
        <bean id="sqlSessionFactory" class="org.mybatis.spring.SqlSessionFactoryBean">
		  <!-- 数据库连接池 -->
		  <property name="dataSource" ref="dataSource" />
		  <!-- 加载mybatis的全局配置文件 -->
		  <property name="configLocation" value="classpath:mybatis/SqlMapConfig.xml" />
		  
		<!-- 扫描entity包 使用别名 -->
	   	  <property name="typeAliasesPackage" value="com.qyh.entity" />
		  <!-- 配置PageHelper 
		  <property name="plugins">
		     <array>
		       <bean class="com.github.pagehelper.PageHelper">
		          <property name="properties">
                    <value>
                     dialect=sqlserver
                    </value>
                  </property>
		       </bean>
		     </array>
		  </property>-->
	    </bean>
	    
	   	<!-- 4.配置扫描Dao接口包，动态实现Dao接口，注入到spring容器中 -->
        <bean class="org.mybatis.spring.mapper.MapperScannerConfigurer">
          <!-- 扫描包的路径 -->
          <property name="basePackage" value="com.qyh.mapper"></property>
          <property name="sqlSessionFactoryBeanName" value="sqlSessionFactory"/>
	    </bean>
		
</beans>