<?xml version="1.0" encoding="UTF-8"?>
<beans  xmlns="http://www.springframework.org/schema/beans"
        xmlns:context="http://www.springframework.org/schema/context"
        xmlns:aop="http://www.springframework.org/schema/aop"
        xmlns:tx="http://www.springframework.org/schema/tx"
		xmlns:xsi="http://www.w3.org/2001/XMLSchema-instance"
		xsi:schemaLocation="http://www.springframework.org/schema/beans 
		                    http://www.springframework.org/schema/beans/spring-beans-3.0.xsd
		                    http://www.springframework.org/schema/context 
		                    http://www.springframework.org/schema/context/spring-context-3.0.xsd
		                    http://www.springframework.org/schema/tx 
		                    http://www.springframework.org/schema/tx/spring-tx-3.0.xsd
		                    http://www.springframework.org/schema/aop 
		                    http://www.springframework.org/schema/aop/spring-aop-3.0.xsd"> 

    <!-- 加载配置文件 -->
	<context:property-placeholder location="classpath:db.properties"/>


<!-- 配置数据源 -->
	  <bean id="dataSource" class="org.apache.commons.dbcp.BasicDataSource">
		<property name="url" value="${jdbc.url}" />
		<property name="driverClassName" value="${jdbc.driver}" />
		<property name="username" value="${jdbc.username}" />
		<property name="password" value="${jdbc.password}" />
	</bean> <!--
	<bean id="dataSource" class="org.apache.commons.dbcp.BasicDataSource">
		<property name="url" value="jdbc:mysql://localhost:3306/tandt" />
		<property name="driverClassName" value="com.mysql.jdbc.Driver" />
		<property name="username" value="root" />
		<property name="password" value="15557268017abc" />
	</bean> 
  -->
	<!-- 
	       配置事务管理
	 -->
    <!--1.事务管理器  对Mybatis操作事务控制，spring采用jdbc事务控制类-->	
    <bean id="transManager" class="org.springframework.jdbc.datasource.DataSourceTransactionManager">
         <!-- 数据源 dataSource -->
         <property name="dataSource" ref="dataSource"></property>
    </bean>
    
    <!--2.配置事务通知 -->
    <tx:advice id="txAdvice" transaction-manager="transManager">
         <tx:attributes>
             <!-- 配置传播行为 -->
             <tx:method name="insert" propagation="REQUIRED"/>
			 <tx:method name="update*" propagation="REQUIRED" />  
			 <tx:method name="edit*" propagation="REQUIRED" />  
			 <tx:method name="save*" propagation="REQUIRED" />  
			 <tx:method name="add*" propagation="REQUIRED" /> 
			 <tx:method name="new*" propagation="REQUIRED" />  
			 <tx:method name="set*" propagation="REQUIRED" />  
			 <tx:method name="remove*" propagation="REQUIRED" />  
			 <tx:method name="delete*" propagation="REQUIRED" />  
			 <tx:method name="change*" propagation="REQUIRED" />  
			 <tx:method name="check*" propagation="REQUIRED" />  
			 <tx:method name="get*" propagation="REQUIRED" read-only="true" />  
			 <tx:method name="find*" propagation="REQUIRED" read-only="true" />  
			 <tx:method name="load*" propagation="REQUIRED" read-only="true" />  
			 <tx:method name="*" propagation="REQUIRED"  />  
         </tx:attributes>
    </tx:advice>

    <!-- 3.aop切面 -->
    <aop:config>
          <!-- 
            <aop:advisor advice-ref="txAdvice" pointcut="execution(* com.hfms.Bll.*.*(..))" id="serviceOperation"/>
          -->
   	     <aop:pointcut expression="execution(* com.qyh.service.*.*(..))" id="aopPointcut"/>
		 <aop:advisor advice-ref="txAdvice" pointcut-ref="aopPointcut" />
    </aop:config>
    
       <bean class="org.springframework.web.servlet.mvc.annotation.AnnotationMethodHandlerAdapter">  
        <property name="messageConverters">  
            <list>  
                <ref bean="jsonHttpMessageConverter" />  
            </list>  
        </property>  
    </bean>  
      
    <bean id="jsonHttpMessageConverter" class="org.springframework.http.converter.json.MappingJackson2HttpMessageConverter">  
        <property name="supportedMediaTypes">  
            <list>  
                <value>application/json;charset=UTF-8</value>  
            </list>  
        </property>  
    </bean>  


	<!-- 导入相关配置 -->
	<import resource="classpath:spring/activiti-context.xml"/>
	<import resource="classpath:spring/applicationContext-dao.xml"/>
	<import resource="classpath:spring/applicationContext-service.xml"/>

		
</beans>                    