<beans xmlns="http://www.springframework.org/schema/beans"
	xmlns:xsi="http://www.w3.org/2001/XMLSchema-instance" xmlns:mvc="http://www.springframework.org/schema/mvc"
	xmlns:context="http://www.springframework.org/schema/context"
	xmlns:aop="http://www.springframework.org/schema/aop" xmlns:tx="http://www.springframework.org/schema/tx"
	xsi:schemaLocation="http://www.springframework.org/schema/beans 
		http://www.springframework.org/schema/beans/spring-beans-3.2.xsd 
		http://www.springframework.org/schema/mvc 
		http://www.springframework.org/schema/mvc/spring-mvc-3.2.xsd 
		http://www.springframework.org/schema/context 
		http://www.springframework.org/schema/context/spring-context-3.2.xsd 
		http://www.springframework.org/schema/aop 
		http://www.springframework.org/schema/aop/spring-aop-3.2.xsd 
		http://www.springframework.org/schema/tx 
		http://www.springframework.org/schema/tx/spring-tx-3.2.xsd ">
		
		<!-- 扫描service包下所有使用注解的类型 ,如果扫描到有@Component @Controller@Service等这些注解的类，则把这些类注册为bean-->	
		<context:component-scan base-package="com.qyh.controller"></context:component-scan>    
     <!-- 处理器映射器-HandlerMapping的实现类RequestMappingHandlerMapping-->   
     <!-- 处理器适配器 -HandlerAdapter的实现类RequestMappingHandlerAdapter-->
     <!-- <bean class="org.springframework.web.servlet.mvc.SimpleControllerHandlerAdapter"/> -->
     <!-- 代替了上面的处理器映射器和处理器适配器(启用注解驱动,注册上面几个类型,处理请求) -->
     <mvc:annotation-driven></mvc:annotation-driven>
     <aop:aspectj-autoproxy proxy-target-class="true"></aop:aspectj-autoproxy>
     <!-- 视图解析器 -->
     <bean class="org.springframework.web.servlet.view.InternalResourceViewResolver">
        <!-- 配置jsp路径的前缀 -->
        <property name="prefix" value="/JSP/"/>
        <!-- 配置jsp路径的后缀 -->
        <property name="suffix" value=".jsp"/>
     </bean>
     <bean id="multipartResolver" class="org.springframework.web.multipart.commons.CommonsMultipartResolver">
		<property name="defaultEncoding" value="UTF-8"/>
	
	    </bean>  
	    
</beans>