<?xml version="1.0" encoding="UTF-8"?>
<!DOCTYPE mapper PUBLIC "-//mybatis.org//DTD Mapper 3.0//EN" "http://mybatis.org/dtd/mybatis-3-mapper.dtd">
<mapper namespace="com.qyh.mapper.Usermapper">

<insert id="test" parameterType="com.qyh.entity.User">
INSERT INTO a_user (id,username,password) values(#{0},#{1},#{2})
</insert>
 <select id="login" resultType="com.qyh.entity.User">
  select * from a_user where username=#{0} and password=#{1}
</select>
<select id="getUserlx" resultType="com.qyh.entity.User">
  select * from a_userlx where id=#{0}
</select>
<select id="getDanweiTest" resultType="com.qyh.entity.Danwei">
  select * from a_danwei d,a_dwlx l, where id=#{0}
</select>
<select id="getDanwei" resultType="com.qyh.entity.Danwei">
  select a.*,b.`name` as town,c.memo as lx 
     from a_danwei a,a_danwei b,a_dwlx c 
     WHERE a.townid=b.id AND a.dwlxid=c.id AND a.id=#{id} AND a.townid=(SELECT townid FROM a_danwei WHERE id=#{id})
</select>   

<select id="getUser" resultType="com.qyh.entity.User">
  SELECT a.*,b.memo as role FROM a_user a,a_userlx b WHERE a.lxid=b.id
</select>
<select id="getAlldanwei" resultType="com.qyh.entity.Danwei">
  select a.*,b.`name` as town,c.memo as lx 
     from a_danwei a,a_danwei b,a_dwlx c 
     WHERE a.townid=b.id AND a.dwlxid=c.id
</select>
<select id="getAllXiangzheng" resultType="com.qyh.entity.Danwei">
  select a.*,b.`name` as town,c.memo as lx 
     from a_danwei a,a_danwei b,a_dwlx c 
     WHERE a.townid=b.id AND a.dwlxid=c.id AND c.id=2
 </select>
<insert id="saveUser" parameterType="com.qyh.entity.User">
  INSERT INTO a_user (username,password,lxid,name) values(#{username},#{password},#{lxid},#{name})
</insert>

<insert id="saveDanwei" parameterType="com.qyh.entity.Danwei">
   INSERT INTO a_danwei (name,address,people,phone,townid,dwlxid) values(#{name},#{address},#{people},#{phone},#{townid},#{dwlxid})
</insert>

<update id="updateUserDanwei">
   UPDATE a_user SET dwid=#{0} WHERE id=#{1}
</update>

<delete id="deleUser">
  DELETE from a_user WHERE id=#{0}
</delete>
<delete id="deleDanwei">
  DELETE a,b from a_danwei a
LEFT JOIN a_user b
ON a.id=b.dwid
 WHERE a.id=#{id}
</delete>

<select id="getUserbyid" resultType="com.qyh.entity.User">
  SELECT * FROM a_user WHERE id=#{id}
</select>

<update id="updateUser" parameterType="com.qyh.entity.User">
  UPDATE a_user SET username=#{username},password=#{password},lxid=#{lxid},name=#{name} WHERE id=#{id}
</update>
<update id="updateDanwei" parameterType="com.qyh.entity.Danwei">
   UPDATE a_danwei SET name=#{name},address=#{address},people=#{people},phone=#{phone},townid=#{townid},dwlxid=#{dwlxid} WHERE id=#{id}
</update>
</mapper>