<?xml version="1.0" encoding="UTF-8"?>
<!DOCTYPE mapper PUBLIC "-//mybatis.org//DTD Mapper 3.0//EN" "http://mybatis.org/dtd/mybatis-3-mapper.dtd">
<mapper namespace="com.qyh.mapper.Workflowmapper">
 <select id="getXzgbBydwid" resultType="com.qyh.entity.User">
	 select id from a_user where dwid=(select townid from a_danwei where id=#{dwid}) 
 </select>
 <select id="getZj" resultType="com.qyh.entity.User">
     select id from a_user where lxid=(select id from a_userlx where role="zj") order by id asc;
 </select>
 <select id="getGl" resultType="com.qyh.entity.User">
 	select id from a_user where lxid=(select id from a_userlx where role="gl");
 </select>
 <select id="getSj" resultType="com.qyh.entity.User">
 	select id from a_user where lxid=(select id from a_userlx where role="sj");
 </select>
</mapper>