<?xml version="1.0" encoding="UTF-8"?>
<!DOCTYPE mapper PUBLIC "-//mybatis.org//DTD Mapper 3.0//EN" "http://mybatis.org/dtd/mybatis-3-mapper.dtd">
<mapper namespace="com.qyh.mapper.Xiangmumapper">
<select id="getXiangmuByid" resultType="com.qyh.entity.Xiangmu">
	select x.*,d.xmurl ,dw.name as danwei
	  FROM a_xm x 
	  LEFT JOIN a_datum d ON x.id=d.xmid and d.typeid=1  
	  LEFT JOIN a_danwei dw ON x.dwid=dw.id 
	  WHERE x.id=#{0}
</select>
<select id="getXiangmu" resultType="com.qyh.entity.Xiangmu">
  select x.*,d.xmurl,dw.name as danwei
  FROM a_xm x 
  LEFT JOIN a_datum d ON x.id=d.xmid and d.typeid=1 
  LEFT JOIN a_danwei dw ON x.dwid=dw.id
  WHERE x.dwid=#{0} and x.judge=1
</select>
<select id="getXiangmuYs" resultType="com.qyh.entity.Xiangmu">
  select x.*,d.xmurl,dw.name as danwei
  FROM a_xm x 
  LEFT JOIN a_datum d ON x.id=d.xmid and d.typeid=1 
  LEFT JOIN a_danwei dw ON x.dwid=dw.id
  WHERE x.dwid=#{0} and x.judge=2
</select>
<select id="getPlanxm" resultType="com.qyh.entity.Planxm">
  SELECT * FROM a_planmx WHERE xmid=#{0} 
</select>
<select id="getXmByProsessid" resultType="com.qyh.entity.Xiangmu">
	select x.*,d.xmurl,dw.name as danwei
	  FROM a_xm x 
	  LEFT JOIN a_datum d ON x.id=d.xmid and d.typeid=1  
	  LEFT JOIN a_danwei dw ON x.dwid=dw.id
	  WHERE x.prosessid=#{0} 
</select>
<insert id="savexm" useGeneratedKeys="true" keyProperty="id" keyColumn="id" parameterType="com.qyh.entity.Xiangmu">
  insert into a_xm (xmname,xmcontent,hykids,xmsdate,xmedate,dwid,state) values(#{xmname},#{xmcontent},#{hykids},#{xmsdate},#{xmedate},#{dwid},#{state})
</insert>
<insert id="saveplanmx" parameterType="com.qyh.entity.Planxm">
  insert into a_planmx(content,money,xmid) values(#{content},#{money},#{xmid})
</insert>
<insert id="savexmurl" >
  insert into a_datum(xmid,xmurl,typeid) values(#{0},#{1},#{2})
</insert>

<insert id="savezxmx" parameterType="com.qyh.entity.Planxm"  useGeneratedKeys="true" keyProperty="id" keyColumn="id">
  insert into a_zxmx(content,money,xmid) values(#{content},#{money},#{xmid})
</insert>

<insert id="savecheck">
   insert into a_check(num,url,zxmxid) values(#{0},#{1},#{2})
</insert>
<insert id="savepay">
   insert into a_pay(url,zxmxid) values(#{0},#{1})
</insert>
<!-- 获取验收资料 实际内容 金额 发票凭证 付款凭证 -->
<select id="getyszl" resultType="com.qyh.entity.Planxm">
   select z.content,z.money,c.url as checkurl,c.num,p.url as payurl
        from a_zxmx z 
		LEFT JOIN a_check c ON z.id=c.xmid
		LEFT JOIN a_pay p ON z.id=p.zxmxid
		WHERE z.xmid=#{0} 
</select>

<delete id="delXiangmu">
	delete a,b,c from a_xm a 
	left join a_planmx b
	on a.xmid=b.xmid
	left join a_datum  c
	on a.xmid=c.xmid
	where a.xmix=#{0}
</delete>
<update id="updateXm" parameterType="com.qyh.entity.Xiangmu">
  UPDATE a_xm SET prosessid=#{prosessid},state=#{state},judge=#{judge} WHERE id = #{id}
</update>
<insert id="savepscon">
   insert into a_ps(uid,xmid,pscon,statu) values(#{0},#{1},#{2},#{3})
</insert>
<update id="updateyscon" >
	update a_ps set yscon=#{2},statu=#{3} where uid = #{0} and xmid = #{1}
</update>
<select id="getpscount" resultType="java.lang.Integer">
	select count(pscon) from a_ps where xmid=#{0}
</select>
<select id="getyscount" resultType="java.lang.Integer">
	select count(yscon) from a_ps where xmid=#{0}
</select>
<!-- 查专家正在评审的项目id -->
<select id="getAllxmidInps" resultType="java.lang.Integer"> 
    select xmid from a_ps where uid=#{0} and statu=1
</select>
<!-- 查专家已经评审了待验收的项目id -->
<select id="getAllxmidInpsTwo" resultType="java.lang.Integer"> 
    select xmid from a_ps where uid=#{0} and statu=2
</select>
<!-- 查专家已经验收的项目id -->
<select id="getAllxmidInpsThree" resultType="java.lang.Integer"> 
    select xmid from a_ps where uid=#{0} and statu=3
</select>

<select id="getZjId" resultType="java.lang.Integer">
	select uid from a_ps where xmid=#{0}
</select>
<select id="getZjps" resultType="com.qyh.entity.ps">
    select p.*,u.name as zj from a_ps p
    	left join a_user u on p.uid=u.id
    where xmid=#{0} 
</select>
<insert id="savesj">
  insert into a_sjcon(uid,xmid,sjcon) values(#{0},#{1},#{2})
</insert>
</mapper>